

INSERT INTO stadium VALUES ('Balaidos','Vigo',29000);
INSERT INTO stadium VALUES ('Benito Villamarin','Seville',51700);
INSERT INTO stadium VALUES ('Butarque','Leganes',10922);
INSERT INTO stadium VALUES ('Camp Nou','Barcelona',99354);
INSERT INTO stadium VALUES ('El Molinon','Gijon',29029);
INSERT INTO stadium VALUES ('El Sadar','Pamplona',18761);
INSERT INTO stadium VALUES ('De laCeramica','Villarreal',24890);
INSERT INTO stadium VALUES ('Gran Canaria','Las Palmas',33111);
INSERT INTO stadium VALUES ('Ipurua','Eibar',7083);
INSERT INTO stadium VALUES ('La Rosaleda','Malaga',30044);
INSERT INTO stadium VALUES ('Mendizorrotza','Vitoria-Gasteiz',19840);
INSERT INTO stadium VALUES ('Mestalla','Valencia',55000);
INSERT INTO stadium VALUES ('Los Carmenes','Granada',22094);
INSERT INTO stadium VALUES ('Sanchez Pizjuan','Seville',42714);
INSERT INTO stadium VALUES ('RCDE Stadium','Barcelona',40500);
INSERT INTO stadium VALUES ('Riazor','A Coruna',32912);
INSERT INTO stadium VALUES ('San Mames','Bilbao',53289);
INSERT INTO stadium VALUES ('Santiago Bernabeu','Madrid',85454);
INSERT INTO stadium VALUES ('Vicente Calderon','Madrid',54907);
INSERT INTO stadium VALUES ('Anoeta Stadium','San',32500);

INSERT INTO coach VALUES (1,'Argentine','Mauricio Pellegrino');
INSERT INTO coach VALUES (2,'Spanish','Ernesto Valverde');
INSERT INTO coach VALUES (3,'Argentine','Diego Simeone');
INSERT INTO coach VALUES (4,'Spanish','Luis Enrique');
INSERT INTO coach VALUES (5,'Argentine','Eduardo Berizzo');
INSERT INTO coach VALUES (6,'Spanish','Pepe Mel');
INSERT INTO coach VALUES (7,'Spanish','Luis Mendilibar');
INSERT INTO coach VALUES (8,'Spanish','Sanchez Flores');
INSERT INTO coach VALUES (9,'English','Tony Adams');
INSERT INTO coach VALUES (10,'Spanish','Quique Setien');
INSERT INTO coach VALUES (11,'Spanish','Asier Garitano');
INSERT INTO coach VALUES (12,'Spanish','Michel');
INSERT INTO coach VALUES (13,'Serbian','Petar Vasiljevic');
INSERT INTO coach VALUES (14,'Spanish','Alexis Trujillo');
INSERT INTO coach VALUES (15,'French','Zinedine Zidane');
INSERT INTO coach VALUES (21,'Spanish','Eusebio Sacristan');
INSERT INTO coach VALUES (17,'Argentine','Jorge Sampaoli');
INSERT INTO coach VALUES (18,'Spanish','Rubi');
INSERT INTO coach VALUES (19,'Spanish','Voro');
INSERT INTO coach VALUES (20,'Spanish','Fran Escriba');


INSERT INTO team VALUES (1,'Alaves',1,'Mendizorrotza');
INSERT INTO team VALUES (2,'Athletic Bilbao',2,'San Mames');
INSERT INTO team VALUES (3,'Atletico Madrid',3,'Vicente Calderon');
INSERT INTO team VALUES (4,'Barcelona',4,'Camp Nou');
INSERT INTO team VALUES (5,'Celta Vigo',5,'Balaidos');
INSERT INTO team VALUES (6,'Deportivo La Coruna',6,'Riazor');
INSERT INTO team VALUES (7,'Eibar',7,'Ipurua');
INSERT INTO team VALUES (8,'Espanyol',8,'RCDE Stadium');
INSERT INTO team VALUES (9,'Granada',9,'Los Carmenes');
INSERT INTO team VALUES (10,'Las Palmas',10,'Gran Canaria');
INSERT INTO team VALUES (11,'Leganes',11,'Butarque');
INSERT INTO team VALUES (12,'Malaga',12,'La Rosaleda');
INSERT INTO team VALUES (13,'Osasuna',13,'El Sadar');
INSERT INTO team VALUES (14,'Real Betis',14,'Benito Villamarin');
INSERT INTO team VALUES (15,'Real Madrid',15,'Santiago Bernabeu');
INSERT INTO team VALUES (17,'Sevilla',17,'Sanchez Pizjuan');
INSERT INTO team VALUES (18,'Sporting Gijon',18,'El Molinon');
INSERT INTO team VALUES (19,'Valencia',19,'Mestalla');
INSERT INTO team VALUES (20,'Villarreal',20,'De laCeramica');
INSERT INTO team VALUES (21,'Real Sociedad',21,'Anoeta Stadium');

INSERT INTO team_stats VALUES (4,'2012/13','1st');
INSERT INTO team_stats VALUES (4,'2013/14','2nd');
INSERT INTO team_stats VALUES (4,'2014/15','1st');
INSERT INTO team_stats VALUES (4,'2015/16','1st');
INSERT INTO team_stats VALUES (4,'2016/17','2nd');
INSERT INTO team_stats VALUES (5,'2012/13','17th');
INSERT INTO team_stats VALUES (5,'2013/14','9th');
INSERT INTO team_stats VALUES (5,'2014/15','8th');
INSERT INTO team_stats VALUES (5,'2015/16','6th');
INSERT INTO team_stats VALUES (5,'2016/17','13th');
INSERT INTO team_stats VALUES (15,'2012/13','2nd');
INSERT INTO team_stats VALUES (15,'2013/14','3rd');
INSERT INTO team_stats VALUES (15,'2014/15','2nd');
INSERT INTO team_stats VALUES (15,'2015/16','2nd');
INSERT INTO team_stats VALUES (15,'2016/17','1st');

INSERT INTO referee VALUES (1,'Jesus Gil','Spanish');
INSERT INTO referee VALUES (2,'Alberto Undiano','Spanish');
INSERT INTO referee VALUES (3,'Carlos Clos','Spanish');
INSERT INTO referee VALUES (4,'Antonio Mateu','Spanish');
INSERT INTO referee VALUES (5,'David Fernandez','Spanish');
INSERT INTO referee VALUES (6,'Carlos Velasco','Spanish');
INSERT INTO referee VALUES (7,'Cesar Muniz','Spanish');


INSERT INTO time_slot VALUES ('A','16:00:00');
INSERT INTO time_slot VALUES ('B','17:15:00');
INSERT INTO time_slot VALUES ('C','19:15:00');
INSERT INTO time_slot VALUES ('D','21:15:00');
INSERT INTO time_slot VALUES ('E','21:00:00');
INSERT INTO time_slot VALUES ('F','17:30:00');
INSERT INTO time_slot VALUES ('G','19:45:00');
INSERT INTO time_slot VALUES ('H','12:00:00');
INSERT INTO time_slot VALUES ('I','15:45:00');
INSERT INTO time_slot VALUES ('J','16:00:00');
INSERT INTO time_slot VALUES ('K','19:00:00');

INSERT INTO player VALUES (1,'Ter Stegen','German',85,187,'30-APR-92','Goalkeeper',4);
INSERT INTO player VALUES (2,'Gerard Pique','Spanish',85,194,'02-FEB-87','Defender',4);
INSERT INTO player VALUES (3,'Ivan Rakitic','Croatian',78,184,'10-MAR-88','Midfielder',4);
INSERT INTO player VALUES (4,'Sergio Busquets','Spanish',76,189,'16-JUL-88','Midfielder',4);
INSERT INTO player VALUES (5,'Denis Suarez','Spanish',69,176,'06-JAN-94','Midfielder',4);
INSERT INTO player VALUES (6,'Arda Turan','Turkish',76,175,'30-JAN-87','Midfielder',4);
INSERT INTO player VALUES (7,'Andres Iniesta','Spanish',68,171,'11-MAY-84','Midfielder',4);
INSERT INTO player VALUES (8,'Luis Suarez','Uruguayan',86,182,'24-JAN-87','Forward',4);
INSERT INTO player VALUES (9,'Lionel Messi','Argentine',72,170,'24-JUN-87','Forward',4);
INSERT INTO player VALUES (10,'Neymar Junior','Brazilian',68,175,'05-FEB-92','Forward',4);
INSERT INTO player VALUES (11,'Rafael Alcantara','Brazilian',71,174,'12-FEB-93','Midfielder',4);
INSERT INTO player VALUES (12,'Jasper Cillessen','Dutch',83,185,'22-APR-89','Goalkeeper',4);
INSERT INTO player VALUES (13,'Javier Mascherano','Argentine',73,174,'08-JUN-84','Defender',4);
INSERT INTO player VALUES (14,'Paco Alcacer','Spanish',71,175,'30-AUG-93','Forward',4);
INSERT INTO player VALUES (15,'Jordi Alba','Spanish',68,170,'21-MAR-89','Defender',4);
INSERT INTO player VALUES (16,'Lucas Digne','French',74,178,'20-JUL-93','Defender',4);
INSERT INTO player VALUES (17,'Sergi Roberto','Spanish',68,178,'07-FEB-92','Midfielder',4);
INSERT INTO player VALUES (18,'Andre Gomes','Portuguese',84,188,'30-JUL-93','Midfielder',4);
INSERT INTO player VALUES (19,'Aleix Vidal','Spanish',70,177,'21-AUG-89','Midfielder',4);
INSERT INTO player VALUES (20,'Samuel Umtiti','French',75,182,'14-NOV-93','Defender',4);
INSERT INTO player VALUES (21,'Gerard Deulofeu','Spanish',74,173,'13-MAR-94','Forward',4);
INSERT INTO player VALUES (22,'Nelson Semedo','Portuguese',67,177,'16-NOV-93','Defender',4);
INSERT INTO player VALUES (23,'Marlon Santos','Brazilian',80,182,'07-SEP-95','Defender',4);
INSERT INTO player VALUES (24,'Thomas Vermaelen','Belgian',80,183,'14-NOV-85','Defender',4);
INSERT INTO player VALUES (25,'Keylor Navas','Costa Rican',78,185,'15-DEC-86','Goalkeeper',15);
INSERT INTO player VALUES (26,'Kiko Casilla','Spanish',84,191,'02-OCT-86','Goalkeeper',15);
INSERT INTO player VALUES (27,'Ruben Yanez','Spanish',80,188,'12-OCT-93','Goalkeeper',15);
INSERT INTO player VALUES (28,'Daniel Carvajal','Spanish',73,173,'11-JAN-92','Defender',15);
INSERT INTO player VALUES (29,'Jesus Vallejo','Spanish',74,183,'05-JAN-97','Defender',15);
INSERT INTO player VALUES (30,'Sergio Ramos','Spanish',75,183,'30-MAR-86','Defender',15);
INSERT INTO player VALUES (31,'Raphaël Varane','French',78,191,'25-APR-93','Defender',15);
INSERT INTO player VALUES (32,'Nacho Fernandez','Spanish',75,179,'18-JAN-90','Defender',15);
INSERT INTO player VALUES (33,'Marcelo Vieira','Brazilian',75,174,'12-MAY-88','Defender',15);
INSERT INTO player VALUES (34,'Theo Hernandez','French',69,184,'16-OCT-97','Defender',15);
INSERT INTO player VALUES (35,'Toni Kroos','German',78,182,'04-JAN-90','Midfielder',15);
INSERT INTO player VALUES (36,'Luka Modric','Croatian',65,174,'09-SEP-85','Midfielder',15);
INSERT INTO player VALUES (37,'Carlos Casemiro','Brazilian',80,184,'23-FEB-92','Midfielder',15);
INSERT INTO player VALUES (38,'Mateo Kovacic','Croatian',77,178,'06-MAY-94','Midfielder',15);
INSERT INTO player VALUES (39,'Marcos Llorente','Spanish',72,182,'30-JAN-95','Midfielder',15);
INSERT INTO player VALUES (40,'Marco Asencio','Spanish',75,180,'21-JAN-96','Midfielder',15);
INSERT INTO player VALUES (41,'Isco Alarcon','Spanish',74,176,'21-APR-92','Midfielder',15);
INSERT INTO player VALUES (42,'Daniel Ceballos','Spanish',74,176,'07-AUG-96','Midfielder',15);
INSERT INTO player VALUES (43,'Cristiano Ronaldo','Portugues',80,185,'05-FEB-85','Forward',15);
INSERT INTO player VALUES (44,'Karim Benzema','French',79,187,'19-DEC-87','Forward',15);
INSERT INTO player VALUES (45,'Gareth Bale','Welsh',74,183,'16-JUL-89','Forward',15);
INSERT INTO player VALUES (46,'Lucas Vazquez','Spanish',70,173,'01-JUL-91','Forward',15);
INSERT INTO player VALUES (47,'Borja Mayoral','Spanish',68,181,'05-APR-97','Forward',15);


INSERT INTO player_stats VALUES (9,'2012/13',59,75,18,0,2,0);
INSERT INTO player_stats VALUES (9,'2013/14',50,46,13,0,3,0);
INSERT INTO player_stats VALUES (9,'2014/15',66,65,29,0,6,0);
INSERT INTO player_stats VALUES (9,'2015/16',60,49,28,0,6,0);
INSERT INTO player_stats VALUES (9,'2016/17',57,59,21,0,10,0);
INSERT INTO player_stats VALUES (43,'2012/13',68,62,14,1,16,1);
INSERT INTO player_stats VALUES (43,'2013/14',60,65,15,0,10,1);
INSERT INTO player_stats VALUES (43,'2014/15',56,61,22,0,6,1);
INSERT INTO player_stats VALUES (43,'2015/16',58,63,16,0,4,0);
INSERT INTO player_stats VALUES (43,'2016/17',50,48,14,0,6,0);

INSERT INTO matchplay VALUES (1,'0-0','Butarque',1,11,1);
INSERT INTO matchplay VALUES (2,'0-0','Mestalla',2,19,10);
INSERT INTO matchplay VALUES (3,'0-0','Balaidos',3,5,21);
INSERT INTO matchplay VALUES (4,'0-0','Sanchez Pizjuan',4,17,8);
INSERT INTO matchplay VALUES (5,'0-0','Camp Nou',5,4,14);
INSERT INTO matchplay VALUES (6,'0-0','Riazor',6,6,15);
INSERT INTO matchplay VALUES (7,'0-0','La Rosaleda',7,12,7);
INSERT INTO matchplay VALUES (8,'1-0','Anoeta Stadium',7,21,5);
INSERT INTO matchplay VALUES (9,'0-4','Ipurua',6,7,4);
INSERT INTO matchplay VALUES (10,'3-1','RCDE Stadium',5,8,9);
INSERT INTO matchplay VALUES (11,'2-1','Santiago Bernabeu',4,15,12);
INSERT INTO matchplay VALUES (12,'2-2','Mendizorrotza',3,1,11);
INSERT INTO matchplay VALUES (13,'0-2','De laCeramica',2,20,19);
INSERT INTO matchplay VALUES (14,'1-1','Gran Canaria',1,10,6);



INSERT INTO match_details VALUES (1,0,0,0,0,0,0);
INSERT INTO match_details VALUES (2,0,0,0,0,0,0);
INSERT INTO match_details VALUES (3,0,0,0,0,0,0);
INSERT INTO match_details VALUES (4,0,0,0,0,0,0);
INSERT INTO match_details VALUES (5,0,0,0,0,0,0);
INSERT INTO match_details VALUES (6,0,0,0,0,0,0);
INSERT INTO match_details VALUES (7,0,0,0,0,0,0);
INSERT INTO match_details VALUES (8,59,41,1,0,13,12);
INSERT INTO match_details VALUES (9,38,62,0,4,12,4);
INSERT INTO match_details VALUES (10,56,44,3,1,19,17);
INSERT INTO match_details VALUES (11,58,42,2,1,7,20);
INSERT INTO match_details VALUES (12,55,45,2,2,9,20);
INSERT INTO match_details VALUES (13,60,40,0,2,14,17);
INSERT INTO match_details VALUES (14,54,46,1,1,13,8);



INSERT INTO schedules VALUES (1,'A','18-AUG-17');
INSERT INTO schedules VALUES (2,'A','18-AUG-17');
INSERT INTO schedules VALUES (3,'C','20-AUG-17');
INSERT INTO schedules VALUES (4,'B','20-AUG-17');
INSERT INTO schedules VALUES (5,'K','20-AUG-17');
INSERT INTO schedules VALUES (6,'J','20-AUG-17');
INSERT INTO schedules VALUES (7,'I','20-AUG-17');
INSERT INTO schedules VALUES (8,'E','20-MAY-17');
INSERT INTO schedules VALUES (9,'F','20-MAY-17');
INSERT INTO schedules VALUES (10,'G','20-MAY-17');
INSERT INTO schedules VALUES (11,'D','20-MAY-17');
INSERT INTO schedules VALUES (12,'H','20-MAY-17');
INSERT INTO schedules VALUES (13,'H','20-MAY-17');
INSERT INTO schedules VALUES (14,'H','20-MAY-17');

commit;





